{
  "ServerPort": 5052,
  "AutoSignInGiveAway": true,
  "KeepUserInGiveAwayAfterShutdown": true,
  "MustAutoFullExport": true,
  "DelayBeforeFullWebUpdate": 5,
  "LanguageCode": "fr",
  "Log": {
    "logConsole": {
      "console": true,
      "logJsonOnConsole": true
    },
    "logFile": false
  },
  "Texts": {
    "serverStarted": "Le serveur a démarré.",
    "serverStopped": "Le serveur s'est arrêté.",
    "serverReloaded": "Les données du serveur ont été rechargées.",
    "error": "Une erreur s'est produite. Checkez la console pour + d'info'",
    "dexName": "Pokédex",
    "err_request": "Erreur lors de l'envoi de la requête : ",
    "err_creationCodeUser": "Erreur de création du code user : ",
    "msg_selectUserFirst": "Selectionnez un utilisateur d'abord.",
    "msg_confirmation": "Confirmation",
    "warn_userdontexist": "Cet utilisateur n'existe pas dans la base de données, vérifiez vos données avant de 'forcer' l'envoi d'une pokéball avec cette utilisateur. Continuer ?",
    "warn_heavyAction": "Cette action peut être lourde et endommager la base de données, s'il vous plait sauvegarder tous fichier de base de données'",
    "warn_slowRequest": "Attention, cette action peut causer des problèmes lorsqu'une autre requête du serveur est faite en même temps, ne spammez pas cette option. Continuer ?",
    "info_giveawayValidate": "Tu fais bien partie du giveaway.",
    "emotes": {
      "shiny": "✨",
      "ball": "㋡",
      "money": "$",
      "dex": "📘",
      "success": "✅",
      "failure": "❌",
      "trophy": ""
    },
    "TranslationScrapping": {
      "NotEnoughElementCopy": "Pas assez de cet element pour le scrapper",
      "ElementNotRegistered": "Element non enregistré",
      "ScrapModeDoesNotExist": "Cet element n'existe pas"
    },
    "TranslationBuying": {
      "ElementNonBuyable": "Élement non achetable",
      "ElementTooExpensive": "Element trop cher pour vos moyens",
      "ElementDoesNotExist": "Cet element n'existe pas",
      "BuyingModeNotRecognized": "Ce mode d'achat n'a pas été reconnu (shiny/normal)"
    },
    "type": {
      "fire": "feu",
      "water": "eau",
      "grass": "plante",
      "electric": "elektrik",
      "ground": "sol",
      "rock": "roche",
      "flying": "vol",
      "poison": "poison",
      "psychic": "psy",
      "ghost": "spectre",
      "ice": "glace",
      "dragon": "dragon",
      "dark": "ténèbre",
      "steel": "acier",
      "fairy": "fée",
      "fighting": "combat",
      "Stellar": "stellaire",
      "normal": "normal"
    }
  },
  "OverlaySettings": {
    "GlobalTotalCaughtGoal": {
      "Enabled": true,
      "GoalValue": 10000
    },
    "GlobalShinyCaughtGoal": {
      "Enabled": true,
      "GoalValue": 3500
    },
    "SessionTotalCaughtGoal": {
      "Enabled": true,
      "GoalValue": 100
    },
    "SessionShinyCaughtGoal": {
      "Enabled": true,
      "GoalValue": 20
    },
    "SessionParticipantsGoal": {
      "Enabled": true,
      "GoalValue": 10
    },
    "SessionMoneySpentGoal": {
      "Enabled": true,
      "GoalValue": 5000
    },
    "GlobalMoneySpentGoal": {
      "Enabled": true,
      "GoalValue": 5000000
    }
  },
  "BadgeSettings": {
    "XPPerLevel": 250,
    "XPCatch": 1,
    "XPShinyCatch": 5,
    "XPBallLaunched": 1,
    "PerDayReward": 2
  },
  "ScrapSettings": {
    "ValueDefaultNormal": 2,
    "ValueDefaultShiny": 10,
    "minimumToScrap": 2,
    "legendaryMultiplier": 40
  },
  "MessageSettings": {
    "showShinyOnFail": false,
    "showDexCompletion": true
  },
  "ScheduledTasks": [
    {
      "Delay": 10,
      "DelayType": "minutes",
      "ProcessFilePath": "C:\\Users\\mythm\\Desktop\\PKServ\\update.bat",
      "ExecuteAtStart": true
    }
  ],
  "CommandSettings": {
    "CmdScrap": "!scrap",
    "CmdBuy": "!buy"
  }
}