[
  {
    "Type": "BallLaunched",
    "Value": 10,
    "Rarity": "common",
    "Title": "Tuto capture.",
    "Description": "10 balls lancés.",
    "XP": 50,
    "IconUrl": "https://s3.pokeos.com/forgotten-dex/pokeball/poke.png",
    "Locked": false,
    "Group": "Global",
    "SubGroup": "Envoyer des balls !"
  },
  {
    "Type": "BallLaunched",
    "Value": 100,
    "Rarity": "uncommon",
    "Title": "Ball à zéro.",
    "Description": "100 balls lancés.",
    "XP": 100,
    "IconUrl": "https://s3.pokeos.com/forgotten-dex/pokeball/great.png",
    "Locked": false,
    "Group": "Global",
    "SubGroup": "Envoyer des balls !"
  },
  {
    "Type": "BallLaunched",
    "Value": 250,
    "Rarity": "rare",
    "Title": "ball-ognaise.",
    "Description": "250 balls lancés.",
    "XP": 200,
    "IconUrl": "https://s3.pokeos.com/forgotten-dex/pokeball/ultra.png",
    "Locked": false,
    "Group": "Global",
    "SubGroup": "Envoyer des balls !"
  },
  {
    "Type": "BallLaunched",
    "Value": 1000,
    "Rarity": "epic",
    "Title": "punching-ball.",
    "Description": "1000 balls lancés.",
    "XP": 500,
    "IconUrl": "https://s3.pokeos.com/forgotten-dex/pokeball/master.png",
    "Locked": false,
    "Group": "Global",
    "SubGroup": "Envoyer des balls !"
  },
  {
    "Type": "TotalCatch",
    "Value": 5,
    "Rarity": "common",
    "Title": "Dresseur débutant.",
    "Description": "5 pokémons attrapés.",
    "XP": 50,
    "IconUrl": "https://cdn-icons-png.flaticon.com/512/8348/8348232.png",
    "Locked": false,
    "Group": "Global",
    "SubGroup": "Attrapez les tous !"
  },
  {
    "Type": "TotalCatch",
    "Value": 50,
    "Rarity": "uncommon",
    "Title": "Dresseur aguerri.",
    "Description": "50 pokémons attrapés.",
    "XP": 100,
    "IconUrl": "https://cdn-icons-png.flaticon.com/512/8348/8348232.png",
    "Locked": false,
    "Group": "Global",
    "SubGroup": "Attrapez les tous !"
  },
  {
    "Type": "TotalCatch",
    "Value": 250,
    "Rarity": "rare",
    "Title": "Top-Dresseur.",
    "Description": "250 Pokémons attrapés.",
    "XP": 200,
    "IconUrl": "https://cdn-icons-png.flaticon.com/512/8348/8348232.png",
    "Locked": false,
    "Group": "Global",
    "SubGroup": "Attrapez les tous !"
  },
  {
    "Type": "TotalCatch",
    "Value": 500,
    "Rarity": "epic",
    "Title": "Dresseur légendaire.",
    "Description": "500 Pokémons attrapés.",
    "XP": 500,
    "IconUrl": "https://cdn-icons-png.flaticon.com/512/8348/8348232.png",
    "Locked": false,
    "Group": "Global",
    "SubGroup": "Attrapez les tous !"
  },
  {
    "Type": "TotalCatch",
    "Value": 2500,
    "Rarity": "legendary",
    "Title": "Dresseur divin.",
    "Description": "this is a description of a badge or a trophy",
    "XP": 1000,
    "IconUrl": "https://cdn-icons-png.flaticon.com/512/8348/8348232.png",
    "Locked": false,
    "Group": "Global",
    "SubGroup": "Attrapez les tous !"
  },
  {
    "Type": "ShinyCatch",
    "Value": 1,
    "Rarity": "uncommon",
    "Title": "La brillance.",
    "Description": "1 shiny attrapé.",
    "XP": 10,
    "IconUrl": "https://cdn-icons-png.flaticon.com/512/8348/8348232.png",
    "Locked": false,
    "Group": "Global",
    "SubGroup": "Shiny Hunting"
  },
  {
    "Type": "ShinyCatch",
    "Value": 10,
    "Rarity": "rare",
    "Title": "Disco-ball.",
    "Description": "10 shiny attrapé.",
    "XP": 50,
    "IconUrl": "https://cdn-icons-png.flaticon.com/512/8348/8348232.png",
    "Locked": false,
    "Group": "Global",
    "SubGroup": "Shiny Hunting"
  },
  {
    "Type": "ShinyCatch",
    "Value": 50,
    "Rarity": "epic",
    "Title": "Disco-ball.",
    "Description": "50 shiny attrapé.",
    "XP": 100,
    "IconUrl": "https://cdn-icons-png.flaticon.com/512/8348/8348232.png",
    "Locked": false,
    "Group": "Global",
    "SubGroup": "Shiny Hunting"
  },
  {
    "Type": "DaySinceStart",
    "Value": 7,
    "Rarity": "common",
    "Title": "Regis.",
    "Description": "Dresseur depuis 1 semaine.",
    "XP": 100,
    "IconUrl": "https://cdn-icons-png.flaticon.com/512/8348/8348232.png",
    "Locked": false,
    "Group": "Global",
    "SubGroup": "Experience as Trainer"
  },
  {
    "Type": "DaySinceStart",
    "Value": 30,
    "Rarity": "uncommon",
    "Title": "Blue.",
    "Description": "Dresseur depuis 1 mois.",
    "XP": 500,
    "IconUrl": "https://cdn-icons-png.flaticon.com/512/8348/8348232.png",
    "Locked": false,
    "Group": "Global",
    "SubGroup": "Experience as Trainer"
  },
  {
    "Type": "DaySinceStart",
    "Value": 90,
    "Rarity": "epic",
    "Title": "Sacha.",
    "Description": "Dresseur depuis 3 mois.",
    "XP": 750,
    "IconUrl": "https://cdn-icons-png.flaticon.com/512/8348/8348232.png",
    "Locked": false,
    "Group": "Global",
    "SubGroup": "Experience as Trainer"
  },
  {
    "Type": "DaySinceStart",
    "Value": 365,
    "Rarity": "exotic",
    "Title": "Red.",
    "Description": "Dresseur depuis 1 an.",
    "XP": 1510,
    "IconUrl": "https://cdn-icons-png.flaticon.com/512/8348/8348232.png",
    "Locked": false,
    "Group": "Global",
    "SubGroup": "Experience as Trainer"
  },
  {
    "Type": "MultiplePoke",
    "Value": 1,
    "SpecificValue": "Bulbizarre, Herbizarre, Florizarre, Salamèche, Reptincel, Dracaufeu, Carapuce, Carabaffe, Tortank",
    "Rarity": "uncommon",
    "Title": "Starters 1G.",
    "Description": "Les trois familles de starter de Kanto capturés.",
    "XP": 500,
    "IconUrl": "https://cdn-icons-png.flaticon.com/512/8348/8348232.png",
    "Locked": false,
    "Group": "Kanto",
    "SubGroup": "Dex Of Kanto"
  },
  {
    "Type": "MultiplePoke",
    "Value": 1,
    "SpecificValue": "Mélofée, Nidorina, Nidorino, Abra, Insécateur, Scarabrute, Porygon, Minidraco",
    "Rarity": "rare",
    "Title": "Casino de Céladopole.",
    "Description": "Les pokémons du casino de Céladopole capturés.",
    "XP": 350,
    "IconUrl": "https://cdn-icons-png.flaticon.com/512/8348/8348232.png",
    "Locked": false,
    "Group": "Kanto",
    "SubGroup": "Dex Of Kanto"
  },
  {
    "Type": "SpecificPoke",
    "Value": 1,
    "SpecificValue": "Mew",
    "Rarity": "exotic",
    "Title": "Agent Rocket.",
    "Description": "Mew attrapé.",
    "XP": 500,
    "IconUrl": "https://raw.githubusercontent.com/MythMega/PkServData/refs/heads/master/img/sprite/badge/custom/mew.png",
    "Locked": false,
    "Group": "Kanto",
    "SubGroup": "Legends Of Kanto"
  },
  {
    "Type": "SpecificPoke",
    "Value": 1,
    "SpecificValue": "Mewtwo",
    "Rarity": "legendary",
    "Title": "Soldat Rocket.",
    "Description": "Mewtwo attrapé.",
    "XP": 750,
    "IconUrl": "https://raw.githubusercontent.com/MythMega/PkServData/refs/heads/master/img/sprite/badge/custom/mewtwo.png",
    "Locked": false,
    "Group": "Kanto",
    "SubGroup": "Legends Of Kanto"
  },
  {
    "Type": "MultiplePoke",
    "Value": 1,
    "SpecificValue": "Artikodin, Électhor, Sulfura",
    "Rarity": "exotic",
    "Title": "Oiseaux légendaires.",
    "Description": "Trois oiseaux capturés.",
    "XP": 1000,
    "IconUrl": "https://cdn-icons-png.flaticon.com/512/8348/8348232.png",
    "Locked": false,
    "Group": "Kanto",
    "SubGroup": "Legends Of Kanto"
  },
  {
    "Type": "MultiplePoke",
    "Value": 1,
    "SpecificValue": "Germignon, Macronium, Meganium, Héricendre, Feurisson, Typhlosion, Kaiminus, Crocrodil, Aligatueur",
    "Rarity": "uncommon",
    "Title": "Starters 2G..",
    "Description": "Les trois familles de starter de Johto capturés.",
    "XP": 1000,
    "IconUrl": "https://cdn-icons-png.flaticon.com/512/8348/8348232.png",
    "Locked": false,
    "Group": "Johto",
    "SubGroup": "Dex Of Johto"
  },
  {
    "Type": "MultiplePoke",
    "Value": 1,
    "SpecificValue": "Abo, Sabelette, Abra, Minidraco, Osselait, Qulbutoké",
    "Rarity": "rare",
    "Title": "Casino de Doublonville.",
    "Description": "Les pokémons du casino de Doublonville capturés.",
    "XP": 350,
    "IconUrl": "https://cdn-icons-png.flaticon.com/512/8348/8348232.png",
    "Locked": false,
    "Group": "Johto",
    "SubGroup": "Dex Of Johto"
  },
  {
    "Type": "MultiplePoke",
    "Value": 1,
    "SpecificValue": "Raikou, Entei, Suicune",
    "Rarity": "legendary",
    "Title": "Trio de chiens légendaires.",
    "Description": "Le trio de chiens légendaire de Johto capturé.",
    "XP": 700,
    "IconUrl": "https://cdn-icons-png.flaticon.com/512/8348/8348232.png",
    "Locked": false,
    "Group": "Johto",
    "SubGroup": "Legends Of Johto"
  },
  {
    "Type": "MultiplePoke",
    "Value": 1,
    "SpecificValue": "Lugia, Ho-Oh",
    "Rarity": "legendary",
    "Title": "Ciel de Johto.",
    "Description": "Lugia & Ho-oh capturés.",
    "XP": 1000,
    "IconUrl": "https://cdn-icons-png.flaticon.com/512/8348/8348232.png",
    "Locked": false,
    "Group": "Johto",
    "SubGroup": "Legends Of Johto"
  },
  {
    "Type": "SpecificPoke",
    "Value": 1,
    "SpecificValue": "Celebi",
    "Rarity": "legendary",
    "Title": "Maitre du temps.",
    "Description": "Celebi attrapé.",
    "XP": 1000,
    "IconUrl": "https://cdn-icons-png.flaticon.com/512/8348/8348232.png",
    "Locked": false,
    "Group": "Johto",
    "SubGroup": "Legends Of Johto"
  }
]